Date,Description,Sub-description,Type of Transaction,Amount,Balance
2023-01-04,service charge,,Debit,-11.67,24988.33
2023-01-10,cheque  301,,Debit,-1200.0,23788.33
2023-01-12,pos purchase,Opos 40.00 NimbusForms Inc,Debit,-40.7,23747.63
2023-02-14,cheque  302,,Debit,-1200.0,22547.63
2023-02-20,miscellaneous payment,Membership Fees,Credit,20000.0,42547.63
2023-02-24,pos purchase,Card Purchase - Office Supplies,Debit,-11.01,42536.62
2023-03-14,debit memo,Interac E-Transfer,Debit,-1200.0,41336.62
2023-03-16,service charge,,Debit,-7.22,41329.4
2023-03-25,cheque  303,,Debit,-18000.0,23329.4
2023-04-02,cheque  304,,Debit,-1200.0,22129.4
2023-04-04,cheque  305,,Debit,-1200.0,20929.4
2023-04-06,cheque  306,,Debit,-1200.0,19729.4
2023-04-06,pos purchase,Card Purchase - Print Shop,Debit,-58.56,19670.84
2023-04-12,pos purchase,Opos 40.00 NimbusForms Inc,Debit,-38.86,19631.98
2023-04-13,pos purchase,Card Purchase - Print Shop,Debit,-1.27,19630.71
2023-05-16,service charge,Interac E-Transfer Fee,Debit,-27.12,19603.59
2023-05-20,cheque  307,,Debit,-1200.0,18403.59
2023-05-20,returned cheque - nsf,,Credit,1200.0,19603.59
2023-05-20,service charge,NSF Fee,Debit,-35.0,19568.59
2023-05-21,pos purchase,Card Purchase - Print Shop,Debit,-20.2,19548.39
2023-06-01,cheque  309,,Debit,-1200.0,18348.39
2023-06-22,pos purchase,Card Purchase - Office Supplies,Debit,-52.62,18295.77
2023-07-01,cheque  310,,Debit,-3600.0,14695.77
2023-07-06,pos purchase,Card Purchase - Office Supplies,Debit,-48.62,14647.15
2023-07-08,pos purchase,Card Purchase - Print Shop,Debit,-16.82,14630.33
2023-07-12,pos purchase,Opos 40.00 NimbusForms Inc,Debit,-39.24,14591.09
2023-08-04,service charge,Interac E-Transfer Fee,Debit,-28.57,14562.52
2023-08-14,debit memo,Draft Purchase,Debit,-9000.0,5562.52
2023-09-07,pos purchase,Card Purchase - Office Supplies,Debit,-17.89,5544.63
2023-09-15,customer transfer cr.,Mobile Transfer,Credit,5000.0,10544.63
2023-09-24,pos purchase,Card Purchase - Office Supplies,Debit,-29.75,10514.88
2023-10-01,cheque  313,,Debit,-3600.0,6914.88
2023-10-07,service charge,,Debit,-5.66,6909.22
2023-10-13,pos purchase,Card Purchase - Print Shop,Debit,-57.93,6851.29
2023-12-07,pos purchase,Card Purchase - Transit,Debit,-54.42,6796.87
2024-01-05,cheque  316,,Debit,-1200.0,5596.87
2024-01-12,pos purchase,Opos 40.00 NimbusForms Inc,Debit,-41.2,5555.67
2024-01-22,pos purchase,Card Purchase - Print Shop,Debit,-22.93,5532.74
2024-02-01,customer transfer cr.,Mobile Transfer,Credit,5000.0,10532.74
2024-02-22,service charge,Interac E-Transfer Fee,Debit,-41.22,10491.52
2024-03-02,cheque  318,,Debit,-2200.0,8291.52
2024-03-04,pos purchase,Card Purchase - Office Supplies,Debit,-2.41,8289.11
2024-04-01,cheque  319,,Debit,-3600.0,4689.11
2024-04-19,pos purchase,Card Purchase - Print Shop,Debit,-21.18,4667.93
2024-04-25,miscellaneous payment,Grant Payment,Credit,15000.0,19667.93
2024-05-26,pos purchase,Card Purchase - Office Supplies,Debit,-15.83,19652.1
2024-06-09,pos purchase,Card Purchase - Transit,Debit,-30.8,19621.3
2024-06-10,customer transfer cr.,Pc From 555000033344,Credit,32500.0,52121.3
2024-06-12,customer transfer cr.,Pc From 555000033344,Credit,49999.0,102120.3
2024-06-15,service charge,,Debit,-26.11,102094.19
2024-06-24,cheque  320,,Debit,-80000.0,22094.19
2024-07-08,cheque  322,,Debit,-1200.0,20894.19
2024-07-12,pos purchase,Opos 40.00 NimbusForms Inc,Debit,-41.98,20852.21
2024-07-13,pos purchase,Card Purchase - Print Shop,Debit,-25.8,20826.41
2024-08-01,customer transfer dr.,Pc To 555000033344,Debit,-15000.0,5826.41
2024-08-11,service charge,,Debit,-3.84,5822.57
2024-08-25,pos purchase,Card Purchase - Office Supplies,Debit,-31.62,5790.95
2024-09-04,pos purchase,Card Purchase - Print Shop,Debit,-3.5,5787.45
2024-10-02,cheque  325,,Debit,-1200.0,4587.45
2024-10-07,service charge,,Debit,-1.46,4585.99
2024-12-02,pos purchase,Card Purchase - Office Supplies,Debit,-25.01,4560.98
